<?xml version='1.1' encoding='UTF-8'?>
<flow-definition plugin="workflow-job@1385.vb_58b_86ea_fff1">
  <actions/>
  <description>Run the AutoBot Python script using the first available Proteus SUV. Will clone and rysnc the Autobot git repo to the SUV, run the script, rsync back the changed files and update the repository.</description>
  <keepDependencies>false</keepDependencies>
  <properties>
    <hudson.plugins.jira.JiraProjectProperty plugin="jira@3.13"/>
    <jenkins.model.BuildDiscarderProperty>
      <strategy class="hudson.tasks.LogRotator">
        <daysToKeep>-1</daysToKeep>
        <numToKeep>20</numToKeep>
        <artifactDaysToKeep>-1</artifactDaysToKeep>
        <artifactNumToKeep>-1</artifactNumToKeep>
      </strategy>
    </jenkins.model.BuildDiscarderProperty>
    <org.jenkinsci.plugins.workflow.job.properties.DisableConcurrentBuildsJobProperty>
      <abortPrevious>false</abortPrevious>
    </org.jenkinsci.plugins.workflow.job.properties.DisableConcurrentBuildsJobProperty>
    <org.jenkinsci.plugins.workflow.job.properties.DurabilityHintJobProperty>
      <hint>PERFORMANCE_OPTIMIZED</hint>
    </org.jenkinsci.plugins.workflow.job.properties.DurabilityHintJobProperty>
    <com.sonyericsson.rebuild.RebuildSettings plugin="rebuild@332.va_1ee476d8f6d">
      <autoRebuild>false</autoRebuild>
      <rebuildDisabled>false</rebuildDisabled>
    </com.sonyericsson.rebuild.RebuildSettings>
    <org.jenkinsci.plugins.workflow.job.properties.PipelineTriggersJobProperty>
      <triggers>
        <hudson.triggers.TimerTrigger>
          <spec>H */4 * * *</spec>
        </hudson.triggers.TimerTrigger>
      </triggers>
    </org.jenkinsci.plugins.workflow.job.properties.PipelineTriggersJobProperty>
  </properties>
  <definition class="org.jenkinsci.plugins.workflow.cps.CpsScmFlowDefinition" plugin="workflow-cps@4000.v5198556e9cea_">
    <scm class="hudson.plugins.git.GitSCM" plugin="git@5.2.2">
      <configVersion>2</configVersion>
      <userRemoteConfigs>
        <hudson.plugins.git.UserRemoteConfig>
          <url>git@ghe.megaleo.com:DTOE/AutoBot.git</url>
          <credentialsId>SVC_CAS_JENKINS_USER_KEY</credentialsId>
        </hudson.plugins.git.UserRemoteConfig>
      </userRemoteConfigs>
      <branches>
        <hudson.plugins.git.BranchSpec>
          <name>*/master</name>
        </hudson.plugins.git.BranchSpec>
      </branches>
      <doGenerateSubmoduleConfigurations>false</doGenerateSubmoduleConfigurations>
      <submoduleCfg class="empty-list"/>
      <extensions/>
    </scm>
    <scriptPath>Scraper_Builder.kb.groovy</scriptPath>
    <lightweight>true</lightweight>
  </definition>
  <triggers/>
  <disabled>false</disabled>
</flow-definition>