<?xml version='1.1' encoding='UTF-8'?>
<project>
  <actions/>
  <description></description>
  <keepDependencies>false</keepDependencies>
  <properties>
    <hudson.plugins.jira.JiraProjectProperty plugin="jira@3.12"/>
    <com.sonyericsson.rebuild.RebuildSettings plugin="rebuild@330.v645b_7df10e2a_">
      <autoRebuild>false</autoRebuild>
      <rebuildDisabled>false</rebuildDisabled>
    </com.sonyericsson.rebuild.RebuildSettings>
  </properties>
  <scm class="hudson.scm.NullSCM"/>
  <assignedNode>gke-agent-c9-dind</assignedNode>
  <canRoam>false</canRoam>
  <disabled>false</disabled>
  <blockBuildWhenDownstreamBuilding>false</blockBuildWhenDownstreamBuilding>
  <blockBuildWhenUpstreamBuilding>false</blockBuildWhenUpstreamBuilding>
  <triggers/>
  <concurrentBuild>false</concurrentBuild>
  <builders>
    <hudson.tasks.Shell>
      <command>echo &quot;Running on Kubernetes agent&quot;
python3 -V
sudo dnf -y install python3-pip
echo `pip3 -V`
pip3 install requests --index http://artifactory-az.services.wd:8081/artifactory/api/pypi/python-release-virtual/simple/  --trusted-host artifactory-az.services.wd  --index-url http://artifactory-az.services.wd:8081/artifactory/api/pypi/python-release-virtual/simple/
pip3 freeze
#echo `python3 -m pip install requests`
#echo `python3 -c &quot;import requests; print(requests.__file__)&quot;`</command>
      <configuredLocalRules/>
    </hudson.tasks.Shell>
  </builders>
  <publishers/>
  <buildWrappers/>
</project>