<?xml version='1.1' encoding='UTF-8'?>
<flow-definition plugin="workflow-job@1385.vb_58b_86ea_fff1">
  <actions>
    <org.jenkinsci.plugins.pipeline.modeldefinition.actions.DeclarativeJobAction plugin="pipeline-model-definition@2.2218.v56d0cda_37c72"/>
    <org.jenkinsci.plugins.pipeline.modeldefinition.actions.DeclarativeJobPropertyTrackerAction plugin="pipeline-model-definition@2.2218.v56d0cda_37c72">
      <jobProperties/>
      <triggers/>
      <parameters/>
      <options/>
    </org.jenkinsci.plugins.pipeline.modeldefinition.actions.DeclarativeJobPropertyTrackerAction>
  </actions>
  <description>Will use a JSON defined &quot;Scenario&quot; to run a Foundation Tenant Build on the specified SUV. The scenario definition contains the target tenant, recipe type (Baseline Foundation Recipes, Country HCM, Industry, etc.) and tags. Note that the category is not actually used (as the tags are unique) and is only for reference purposes at this time. This assumes that the &quot;ccu&quot; user has been configured (default) and is using the default SUV password. This has an option to keep running until the recipe is finished (successfully, with errors or whatever) - the job would only fail on the initial recipe configuration, not based on errors in the actual recipe itself.</description>
  <keepDependencies>false</keepDependencies>
  <properties>
    <hudson.plugins.jira.JiraProjectProperty plugin="jira@3.13"/>
    <jenkins.model.BuildDiscarderProperty>
      <strategy class="hudson.tasks.LogRotator">
        <daysToKeep>-1</daysToKeep>
        <numToKeep>20</numToKeep>
        <artifactDaysToKeep>-1</artifactDaysToKeep>
        <artifactNumToKeep>-1</artifactNumToKeep>
      </strategy>
    </jenkins.model.BuildDiscarderProperty>
    <com.sonyericsson.rebuild.RebuildSettings plugin="rebuild@332.va_1ee476d8f6d">
      <autoRebuild>false</autoRebuild>
      <rebuildDisabled>false</rebuildDisabled>
    </com.sonyericsson.rebuild.RebuildSettings>
    <hudson.model.ParametersDefinitionProperty>
      <parameterDefinitions>
        <hudson.model.StringParameterDefinition>
          <name>SUV</name>
          <description>Instance ID</description>
          <trim>true</trim>
        </hudson.model.StringParameterDefinition>
        <hudson.model.BooleanParameterDefinition>
          <name>WAIT_UNTIL_FINISHED</name>
          <description>Whether to wait until the recipe has finished (completed, failed, etc.) before ending job.</description>
          <defaultValue>false</defaultValue>
        </hudson.model.BooleanParameterDefinition>
        <hudson.model.TextParameterDefinition>
          <name>SCENARIO</name>
          <description>Example:
{
  &quot;scenario&quot;: &quot;launchnowhcm&quot;,
  &quot;target&quot;: &quot;vacant&quot;,
  &quot;recipe&quot;: &quot;Baseline Foundation Recipes&quot;,
  &quot;categories_tags&quot;: [
    {
      &quot;category&quot;: &quot;01 Launch Now&quot;,
      &quot;tags&quot;: [
        &quot;Launch Now - Absence&quot;,
        &quot;Launch Now - Advanced Compensation&quot;,
        &quot;Launch Now - Benefits&quot;,
        &quot;Launch Now - HCM&quot;,
        &quot;Launch Now - Talent Optimization&quot;
      ]
    },
    {
      &quot;category&quot;: &quot;02 Financials - Fiscal Schedules&quot;,
      &quot;tags&quot;: [
        &quot;12 YE December&quot;
      ]
    },
    {
      &quot;category&quot;: &quot;03 HCM&quot;,
      &quot;tags&quot;: [
        &quot;1-HCM Core&quot;,
        &quot;Advanced Compensation&quot;,
        &quot;Benefits&quot;,
        &quot;Talent Optimization&quot;
      ]
    },
    {
      &quot;category&quot;: &quot;04 PATTS - Absence&quot;,
      &quot;tags&quot;: [
        &quot;Absence Core&quot;
      ]
    },
    {
      &quot;category&quot;: &quot;04 PATTS - Payroll&quot;,
      &quot;tags&quot;: [
        &quot;Payroll Interface&quot;
      ]
    },
    {
      &quot;category&quot;: &quot;04 PATTS - Scheduling&quot;,
      &quot;tags&quot;: [
        &quot;Workday Scheduling&quot;
      ]
    },
    {
      &quot;category&quot;: &quot;05 Cross Application&quot;,
      &quot;tags&quot;: [
        &quot;Help&quot;,
        &quot;Journeys&quot;
      ]
    }
  ]
}</description>
          <trim>false</trim>
        </hudson.model.TextParameterDefinition>
      </parameterDefinitions>
    </hudson.model.ParametersDefinitionProperty>
  </properties>
  <definition class="org.jenkinsci.plugins.workflow.cps.CpsScmFlowDefinition" plugin="workflow-cps@4000.v5198556e9cea_">
    <scm class="hudson.plugins.git.GitSCM" plugin="git@5.2.2">
      <configVersion>2</configVersion>
      <userRemoteConfigs>
        <hudson.plugins.git.UserRemoteConfig>
          <url>git@ghe.megaleo.com:DTOE/DAI_Tools.git</url>
          <credentialsId>SVC_CAS_JENKINS_USER_KEY</credentialsId>
        </hudson.plugins.git.UserRemoteConfig>
      </userRemoteConfigs>
      <branches>
        <hudson.plugins.git.BranchSpec>
          <name>*/master</name>
        </hudson.plugins.git.BranchSpec>
      </branches>
      <doGenerateSubmoduleConfigurations>false</doGenerateSubmoduleConfigurations>
      <submoduleCfg class="empty-list"/>
      <extensions/>
    </scm>
    <scriptPath>Jenkins/FoundationTenantBuild.groovy</scriptPath>
    <lightweight>true</lightweight>
  </definition>
  <triggers/>
  <disabled>false</disabled>
</flow-definition>