<?xml version='1.1' encoding='UTF-8'?>
<flow-definition plugin="workflow-job@1385.vb_58b_86ea_fff1">
  <actions/>
  <description>Sets up default implementers based on CSV config data</description>
  <keepDependencies>false</keepDependencies>
  <properties>
    <hudson.plugins.jira.JiraProjectProperty plugin="jira@3.13"/>
    <jenkins.model.BuildDiscarderProperty>
      <strategy class="hudson.tasks.LogRotator">
        <daysToKeep>-1</daysToKeep>
        <numToKeep>10</numToKeep>
        <artifactDaysToKeep>-1</artifactDaysToKeep>
        <artifactNumToKeep>-1</artifactNumToKeep>
      </strategy>
    </jenkins.model.BuildDiscarderProperty>
    <com.sonyericsson.rebuild.RebuildSettings plugin="rebuild@332.va_1ee476d8f6d">
      <autoRebuild>false</autoRebuild>
      <rebuildDisabled>false</rebuildDisabled>
    </com.sonyericsson.rebuild.RebuildSettings>
    <hudson.model.ParametersDefinitionProperty>
      <parameterDefinitions>
        <hudson.model.TextParameterDefinition>
          <name>IMPL_LIST</name>
          <defaultValue>Data Center:,Impl - Atlanta (wd2),CC Sec Admin:,,,CC Admin:,jkleinberg-impl,Welcome123!,Tenant User:,jkleinberg-impl,Welcome123!,Tenants:,wdprofservices_lean_cc,,wdprofservices_ldp1,workdayproserv_pt6,workdayproserv_dpt4
Team,Role,First Name,Middle Name,Last Name,Username,Password,Req Pass Next Signin,VCR Restricted,Security Admin,CC Admin,VCR Manager,CC,Gold/Prod,Tenant1,Tenant2,Tenant3
DC,Implementer,Aaron,,Davis,adavis-impl,Welcome@123!,1,0,,,,,,1,1,1
DC,Implementer,Arpit,,Jain,ajain-impl,Welcome@123!,1,0,,,,,,1,1,1
DTOE,Implementer,Andy,,Parker,aparker-impl,Welcome@123!,1,0,,,,,,1,1,1
DC,Implementer,Ashwini,,Patil,apatil-impl,Welcome@123!,1,0,,,,,,1,1,1
DC,Implementer,Anshul,,Sarvate,asarvate-impl,Welcome@123!,1,0,,,,,,1,1,1
DC,Implementer,Barbara,,Arnett,barnett-impl,Welcome@123!,1,0,,,,,,1,1,1
DTOE,Implementer,Bryan,,Pepi,bpepi-impl,Welcome@123!,1,0,,,,,,1,1,1
DC,Implementer,Courtney,,Kim,ckim-impl,Welcome@123!,1,0,,,,,,1,1,1
WD,Implementer,Customer,,Central User,ccu,Welcome@123!,1,0,,,,,,1,1,1
DC,Implementer,Craig,,Russell,crussell-impl,Welcome@123!,1,0,,,,,,1,1,1
DC,Implementer,Damon,,Harvey,dharvey-impl,Welcome@123!,1,0,,,,,,1,1,1
DC,Implementer,David,,Todd,dtodd-impl,Welcome@123!,1,0,,,,,,1,1,1
DC,Implementer,Edith,,Hammond,ehammond-impl,Welcome@123!,1,0,,,,,,1,1,1
DC,Implementer,Edward,,Sudjatmiko,esudjatmiko-impl,Welcome@123!,1,0,,,,,,1,1,1
DC,Implementer,Eric,,Remley,eremley-impl,Welcome@123!,1,0,,,,,,1,1,1
DC,Implementer,Emanuel,,Holub,eholuby-impl,Welcome@123!,1,0,,,,,,1,1,1
DC,Implementer,Gage,,Henley,ghenley-impl,Welcome@123!,1,0,,,,,,1,1,1
DTOE,Implementer,George,,Sabini,gsabini-impl,Welcome@123!,1,0,,,,,,1,1,1
DC,Implementer,George,,Sam,gsam-impl,Welcome@123!,1,0,,,,,,1,1,1
DC,Implementer,Hifzur,,Meerapatel,hmeerapatel-impl,Welcome@123!,1,0,,,,,,1,1,1
DC,Implementer,Jemma,,Lau,jlau-impl,Welcome@123!,1,0,,,,,,1,1,1
DC,Implementer,Jeanne,,Nguyen,jnguyen-impl,Welcome@123!,1,0,,,,,,1,1,1
SLNG,Implementer,Jeremy,,Kaneb,jkaneb-impl,Welcome@123!,1,0,,,,,,1,1,1
DTOE,Implementer,Josh,,Jordan,jjordan-impl,Welcome@123!,1,0,,,,,,1,1,1
DTOE,Implementer,John,,Lau,johnlau-impl,Welcome@123!,1,0,,,,,,1,1,1
DC,Implementer,John,,Roethlisberger,jroethlisberger-impl,Welcome@123!,1,0,,,,,,1,1,1
DC,Implementer,Hrishikesh,,Mane,hmane-impl,Welcome@123!,1,0,,,,,,1,1,1
DC,Implementer,Kimmy,,Deitlaf,kdeitlaf-impl,Welcome@123!,1,0,,,,,,1,1,1
DC,Implementer,Kyle,,Robertson,krobertson-impl,Welcome@123!,1,0,,,,,,1,1,1
DC,Implementer,Larry,,Hillock,lhillock-impl,Welcome@123!,1,0,,,,,,1,1,1
DC,Implementer,Mark,,Bailey,mbailey-impl,Welcome@123!,1,0,,,,,,1,1,1
SLNG,Implementer,Mason,,Clark,mclark-impl,Welcome@123!,1,0,,,,,,1,1,1
DTOE,Implementer,Michael,,Duarte,mduarte-impl,Welcome@123!,1,0,,,,,,1,1,1
DC,Implementer,Nathan,,Pitcher,npitcher-impl,Welcome@123!,1,0,,,,,,1,1,1
DC,Implementer,Navdha,,Jain,njain-impl,Welcome@123!,1,0,,,,,,1,1,1
DC,Implementer,Paul,,Gorman,pgorman-impl,Welcome@123!,1,0,,,,,,1,1,1
DC,Implementer,Ryan,,Gant,rgant-impl,Welcome@123!,1,0,,,,,,1,1,1
DC,Implementer,Robert,,Gordon,rgordon-impl,Welcome@123!,1,0,,,,,,1,1,1
DC,Implementer,Shayna,,Ringering,sringering-impl,Welcome@123!,1,0,,,,,,1,1,1
DC,Implementer,Steve,,Salowitz,ssalowitz-impl,Welcome@123!,1,0,,,,,,1,1,1
DTOE,Implementer,Steve,,Brandt,sbrandt-impl,Welcome@123!,1,0,,,,,,1,1,1
DC,Implementer,Swapna,,Kari,skari-impl,Welcome@123!,1,0,,,,,,1,1,1
DC,Implementer,Swati,,Kumari,skumari-impl,Welcome@123!,1,0,,,,,,1,1,1
DC,Implementer,Svetlana,,Pavlosvska,spavlosvska-impl,Welcome@123!,1,0,,,,,,1,1,1
DTOE,Implementer,Will,,Smith,wsmith-impl,Welcome@123!,1,0,,,,,,1,1,1
DC,Implementer,Wan,,Xie,wxie-impl,Welcome@123!,1,0,,,,,,1,1,1
DC,Implementer,Pradnya,,Kanade,pkanade-impl,Welcome@123!,1,0,,,,,,1,1,1
WD,Implementer,Kenny,,Schreiner,kschreiner-impl,Welcome@123!,1,0,,,,,,1,1,1</defaultValue>
          <trim>false</trim>
        </hudson.model.TextParameterDefinition>
      </parameterDefinitions>
    </hudson.model.ParametersDefinitionProperty>
    <org.jenkinsci.plugins.workflow.job.properties.PipelineTriggersJobProperty>
      <triggers>
        <hudson.triggers.TimerTrigger>
          <spec>H H/8 * * 1-5</spec>
        </hudson.triggers.TimerTrigger>
      </triggers>
    </org.jenkinsci.plugins.workflow.job.properties.PipelineTriggersJobProperty>
  </properties>
  <definition class="org.jenkinsci.plugins.workflow.cps.CpsScmFlowDefinition" plugin="workflow-cps@4000.v5198556e9cea_">
    <scm class="hudson.plugins.git.GitSCM" plugin="git@5.2.2">
      <configVersion>2</configVersion>
      <userRemoteConfigs>
        <hudson.plugins.git.UserRemoteConfig>
          <url>git@ghe.megaleo.com:DTOE/SUV_Tools.git</url>
          <credentialsId>SVC_CAS_JENKINS_USER_KEY</credentialsId>
        </hudson.plugins.git.UserRemoteConfig>
      </userRemoteConfigs>
      <branches>
        <hudson.plugins.git.BranchSpec>
          <name>*/master</name>
        </hudson.plugins.git.BranchSpec>
      </branches>
      <doGenerateSubmoduleConfigurations>false</doGenerateSubmoduleConfigurations>
      <submoduleCfg class="empty-list"/>
      <extensions/>
    </scm>
    <scriptPath>DTOE_Impl_Creator.kb.groovy</scriptPath>
    <lightweight>true</lightweight>
  </definition>
  <triggers/>
  <disabled>false</disabled>
</flow-definition>