<?xml version='1.1' encoding='UTF-8'?>
<flow-definition plugin="workflow-job@1385.vb_58b_86ea_fff1">
  <actions>
    <org.jenkinsci.plugins.pipeline.modeldefinition.actions.DeclarativeJobAction plugin="pipeline-model-definition@2.2218.v56d0cda_37c72"/>
    <org.jenkinsci.plugins.pipeline.modeldefinition.actions.DeclarativeJobPropertyTrackerAction plugin="pipeline-model-definition@2.2218.v56d0cda_37c72">
      <jobProperties/>
      <triggers/>
      <parameters/>
      <options/>
    </org.jenkinsci.plugins.pipeline.modeldefinition.actions.DeclarativeJobPropertyTrackerAction>
  </actions>
  <description>Run a full Scenario Build: &#xd;
  -  Get SUV&#xd;
     +  Check Proteus for SUV with Scenario, if not exist, pull new one (based on params), else abort&#xd;
  -  AddVacant&#xd;
     +  Find all target tenants in params and run AddVacant Job (will add if not already exists)&#xd;
  -  FoundationTenantBuild&#xd;
     +  For each recipe in params, run FTB Job sequentially (waiting for recipe to finish before starting next one)</description>
  <keepDependencies>false</keepDependencies>
  <properties>
    <hudson.plugins.jira.JiraProjectProperty plugin="jira@3.13"/>
    <jenkins.model.BuildDiscarderProperty>
      <strategy class="hudson.tasks.LogRotator">
        <daysToKeep>-1</daysToKeep>
        <numToKeep>10</numToKeep>
        <artifactDaysToKeep>-1</artifactDaysToKeep>
        <artifactNumToKeep>-1</artifactNumToKeep>
      </strategy>
    </jenkins.model.BuildDiscarderProperty>
    <com.sonyericsson.rebuild.RebuildSettings plugin="rebuild@332.va_1ee476d8f6d">
      <autoRebuild>false</autoRebuild>
      <rebuildDisabled>false</rebuildDisabled>
    </com.sonyericsson.rebuild.RebuildSettings>
    <hudson.model.ParametersDefinitionProperty>
      <parameterDefinitions>
        <hudson.model.TextParameterDefinition>
          <name>SCENARIO</name>
          <description>JSON formatted Scenario (overall params and list of recipes with tags, etc.)</description>
          <trim>false</trim>
        </hudson.model.TextParameterDefinition>
      </parameterDefinitions>
    </hudson.model.ParametersDefinitionProperty>
    <org.jenkinsci.plugins.workflow.job.properties.PipelineTriggersJobProperty>
      <triggers/>
    </org.jenkinsci.plugins.workflow.job.properties.PipelineTriggersJobProperty>
  </properties>
  <definition class="org.jenkinsci.plugins.workflow.cps.CpsScmFlowDefinition" plugin="workflow-cps@4000.v5198556e9cea_">
    <scm class="hudson.plugins.git.GitSCM" plugin="git@5.2.2">
      <configVersion>2</configVersion>
      <userRemoteConfigs>
        <hudson.plugins.git.UserRemoteConfig>
          <url>git@ghe.megaleo.com:DTOE/DAI_Tools.git</url>
          <credentialsId>SVC_CAS_JENKINS_USER_KEY</credentialsId>
        </hudson.plugins.git.UserRemoteConfig>
      </userRemoteConfigs>
      <branches>
        <hudson.plugins.git.BranchSpec>
          <name>*/master</name>
        </hudson.plugins.git.BranchSpec>
      </branches>
      <doGenerateSubmoduleConfigurations>false</doGenerateSubmoduleConfigurations>
      <submoduleCfg class="empty-list"/>
      <extensions/>
    </scm>
    <scriptPath>Jenkins/Scenario/ScenarioBuilder.groovy</scriptPath>
    <lightweight>true</lightweight>
  </definition>
  <triggers/>
  <disabled>false</disabled>
</flow-definition>