<?xml version='1.1' encoding='UTF-8'?>
<flow-definition plugin="workflow-job@1385.vb_58b_86ea_fff1">
  <actions>
    <org.jenkinsci.plugins.pipeline.modeldefinition.actions.DeclarativeJobAction plugin="pipeline-model-definition@2.2218.v56d0cda_37c72"/>
    <org.jenkinsci.plugins.pipeline.modeldefinition.actions.DeclarativeJobPropertyTrackerAction plugin="pipeline-model-definition@2.2218.v56d0cda_37c72">
      <jobProperties/>
      <triggers/>
      <parameters/>
      <options/>
    </org.jenkinsci.plugins.pipeline.modeldefinition.actions.DeclarativeJobPropertyTrackerAction>
  </actions>
  <description>Run a full Scenario Build: &#xd;
  -  Get SUV&#xd;
     +  Check Proteus for SUV with Scenario, if not exist, pull new one (based on params), else abort&#xd;
  -  AddVacant&#xd;
     +  Find all target tenants in params and run AddVacant Job (will add if not already exists)&#xd;
  -  FoundationTenantBuild&#xd;
     +  For each recipe in params, run FTB Job sequentially (waiting for recipe to finish before starting next one)</description>
  <keepDependencies>false</keepDependencies>
  <properties>
    <hudson.plugins.jira.JiraProjectProperty plugin="jira@3.13"/>
    <jenkins.model.BuildDiscarderProperty>
      <strategy class="hudson.tasks.LogRotator">
        <daysToKeep>-1</daysToKeep>
        <numToKeep>10</numToKeep>
        <artifactDaysToKeep>-1</artifactDaysToKeep>
        <artifactNumToKeep>-1</artifactNumToKeep>
      </strategy>
    </jenkins.model.BuildDiscarderProperty>
    <com.sonyericsson.rebuild.RebuildSettings plugin="rebuild@332.va_1ee476d8f6d">
      <autoRebuild>false</autoRebuild>
      <rebuildDisabled>false</rebuildDisabled>
    </com.sonyericsson.rebuild.RebuildSettings>
    <hudson.model.ParametersDefinitionProperty>
      <parameterDefinitions>
        <hudson.model.TextParameterDefinition>
          <name>SCENARIO</name>
          <description>JSON formatted Scenario (overall params and list of recipes with tags, etc.)</description>
          <defaultValue>{
    &quot;name&quot;: &quot;weeklylaunch&quot;,
    &quot;pool&quot;: &quot;production-trunk-gcp&quot;,
    &quot;from_desc&quot;: &quot;UNUSED&quot;,
    &quot;from_stage&quot;: &quot;UNUSED&quot;,
    &quot;recipes&quot;: [
        {
            &quot;target&quot;: &quot;launchhcm&quot;,
            &quot;recipe&quot;: &quot;Baseline Foundation Recipes&quot;,
            &quot;categories_tags&quot;: [
                {
                    &quot;category&quot;: &quot;01 Baseline Launch&quot;,
                    &quot;tags&quot;: [
                        &quot;Launch - HCM&quot;,
                        &quot;Launch - Recruiting&quot;,
                        &quot;Launch - Talent&quot;
                    ]
                },
                {
                    &quot;category&quot;: &quot;03 HCM&quot;,
                    &quot;tags&quot;: [
                        &quot;1-HCM Core&quot;,
                        &quot;Advanced Compensation&quot;,
                        &quot;Benefits&quot;,
                        &quot;Learning&quot;,
                        &quot;Learning - Extended Enterprise&quot;,
                        &quot;Recruiting&quot;,
                        &quot;Safety&quot;,
                        &quot;Talent Optimization&quot;,
                        &quot;Vaccine Tracking&quot;,
                        &quot;Workplace Test Tracking&quot;
                    ]
                },
                {
                    &quot;category&quot;: &quot;04 PATTS - Payroll&quot;,
                    &quot;tags&quot;: [
                        &quot;Payroll Interface&quot;
                    ]
                },
                {
                    &quot;category&quot;: &quot;02 Financials - Fiscal Schedules&quot;,
                    &quot;tags&quot;: [
                        &quot;12 YE December&quot;
                    ]
                },
                {
                    &quot;category&quot;: &quot;05 Cross Application&quot;,
                    &quot;tags&quot;: [
                        &quot;Help&quot;,
                        &quot;Journeys&quot;
                    ]
                }
            ]
        },
        {
            &quot;target&quot;: &quot;launchhcm&quot;,
            &quot;recipe&quot;: &quot;Industry&quot;,
            &quot;categories_tags&quot;: [
                {
                    &quot;category&quot;: &quot;Industry-Commercial&quot;,
                    &quot;tags&quot;: [
                        &quot;HCM Core-Commercial&quot;,
                        &quot;Advanced Compensation-Commercial&quot;,
                        &quot;Recruiting-Commercial&quot;
                    ]
                }
            ]
        },
        {
            &quot;target&quot;: &quot;launchhcm&quot;,
            &quot;recipe&quot;: &quot;Country HCM&quot;,
            &quot;categories_tags&quot;: [
                {
                    &quot;category&quot;: &quot;HCM Country Scope&quot;,
                    &quot;tags&quot;: [
                        &quot;HCM Argentina&quot;,
                        &quot;HCM Australia&quot;,
                        &quot;HCM Austria&quot;,
                        &quot;HCM Bahamas&quot;,
                        &quot;HCM Belgium&quot;,
                        &quot;HCM Brazil&quot;,
                        &quot;HCM Canada&quot;,
                        &quot;HCM Chile&quot;,
                        &quot;HCM China&quot;,
                        &quot;HCM Columbia&quot;,
                        &quot;HCM Costa Rica&quot;,
                        &quot;HCM Czech Republic&quot;,
                        &quot;HCM Denmark&quot;,
                        &quot;HCM Dominican Republic&quot;,
                        &quot;HCM Ecuador&quot;,
                        &quot;HCM El Salvador&quot;,
                        &quot;HCM Estonia&quot;,
                        &quot;HCM Finland&quot;,
                        &quot;HCM France&quot;,
                        &quot;HCM Germany&quot;,
                        &quot;HCM Gibraltar&quot;,
                        &quot;HCM Greece&quot;,
                        &quot;HCM Guatemala&quot;,
                        &quot;HCM Honduras&quot;,
                        &quot;HCM Hong Kong&quot;,
                        &quot;HCM Hungary&quot;,
                        &quot;HCM India&quot;,
                        &quot;HCM Indonesia&quot;,
                        &quot;HCM Ireland&quot;,
                        &quot;HCM Israel&quot;,
                        &quot;HCM Italy&quot;,
                        &quot;HCM Japan&quot;,
                        &quot;HCM Kazakhstan&quot;,
                        &quot;HCM Latvia&quot;,
                        &quot;HCM Lithuania&quot;,
                        &quot;HCM Luxembourg&quot;,
                        &quot;HCM Malaysia&quot;,
                        &quot;HCM Malta&quot;,
                        &quot;HCM Mexico&quot;,
                        &quot;HCM Netherlands&quot;,
                        &quot;HCM New Zealand&quot;,
                        &quot;HCM Nicaragua&quot;,
                        &quot;HCM Norway&quot;,
                        &quot;HCM Panama&quot;,
                        &quot;HCM Peru&quot;,
                        &quot;HCM Philippines&quot;,
                        &quot;HCM Poland&quot;,
                        &quot;HCM Portugal&quot;,
                        &quot;HCM Romania&quot;,
                        &quot;HCM Russian Federation&quot;,
                        &quot;HCM Saudi Arabia&quot;,
                        &quot;HCM Singapore&quot;,
                        &quot;HCM Slovakia&quot;,
                        &quot;HCM South Africa&quot;,
                        &quot;HCM South Korea&quot;,
                        &quot;HCM Spain&quot;,
                        &quot;HCM Sweden&quot;,
                        &quot;HCM Switzerland&quot;,
                        &quot;HCM Taiwan&quot;,
                        &quot;HCM Thailand&quot;,
                        &quot;HCM Turkey&quot;,
                        &quot;HCM Ukraine&quot;,
                        &quot;HCM United Arab Emirates&quot;,
                        &quot;HCM United Kingdom&quot;,
                        &quot;HCM United States of America&quot;,
                        &quot;HCM Uruguay&quot;,
                        &quot;HCM Venezuela&quot;,
                        &quot;HCM Vietnam&quot;
                    ]
                },
                {
                    &quot;category&quot;: &quot;Benefits Country Scope&quot;,
                    &quot;tags&quot;: [
                        &quot;Benefits United States of America&quot;,
                        &quot;Benefits Canada&quot;
                    ]
                }
            ]
        },
        {
            &quot;target&quot;: &quot;launchpay&quot;,
            &quot;recipe&quot;: &quot;Baseline Foundation Recipes&quot;,
            &quot;categories_tags&quot;: [
                {
                    &quot;category&quot;: &quot;01 Baseline Launch&quot;,
                    &quot;tags&quot;: [
                        &quot;Launch - Absence&quot;,
                        &quot;Launch - HCM&quot;
                    ]
                },
                {
                    &quot;category&quot;: &quot;04 PATTS - Absence&quot;,
                    &quot;tags&quot;: [
                        &quot;Absence Core&quot;
                    ]
                },
                {
                    &quot;category&quot;: &quot;03 HCM&quot;,
                    &quot;tags&quot;: [
                        &quot;1-HCM Core&quot;
                    ]
                },
                {
                    &quot;category&quot;: &quot;04 PATTS - Payroll&quot;,
                    &quot;tags&quot;: [
                        &quot;1-Payroll Core&quot;,
                        &quot;PAY - Accounting&quot;,
                        &quot;PAY - USA&quot;,
                        &quot;Payroll Interface&quot;,
                        &quot;PAY - Benefits for FRA Payroll&quot;,
                        &quot;PAY - Benefits for GBR Payroll&quot;,
                        &quot;PAY - AUS&quot;,
                        &quot;PAY - CAN&quot;,
                        &quot;PAY - FRA&quot;,
                        &quot;PAY - GBR&quot;
                    ]
                },
                {
                    &quot;category&quot;: &quot;04 PATTS - Time Tracking&quot;,
                    &quot;tags&quot;: [
                        &quot;1-Time Tracking Core&quot;
                    ]
                },
                {
                    &quot;category&quot;: &quot;04 PATTS - Scheduling&quot;,
                    &quot;tags&quot;: [
                        &quot;Workday Scheduling&quot;
                    ]
                },
                {
                    &quot;category&quot;: &quot;02 Financials - Fiscal Schedules&quot;,
                    &quot;tags&quot;: [
                        &quot;12 YE December&quot;
                    ]
                }
            ]
        },
        {
            &quot;target&quot;: &quot;launchpay&quot;,
            &quot;recipe&quot;: &quot;Industry&quot;,
            &quot;categories_tags&quot;: [
                {
                    &quot;category&quot;: &quot;Industry-Commercial&quot;,
                    &quot;tags&quot;: [
                        &quot;HCM Core-Commercial&quot;
                    ]
                }
            ]
        },
        {
            &quot;target&quot;: &quot;launchpay&quot;,
            &quot;recipe&quot;: &quot;Country HCM&quot;,
            &quot;categories_tags&quot;: [
                {
                    &quot;category&quot;: &quot;HCM Country Scope&quot;,
                    &quot;tags&quot;: [
                        &quot;HCM Argentina&quot;,
                        &quot;HCM Australia&quot;,
                        &quot;HCM Austria&quot;,
                        &quot;HCM Bahamas&quot;,
                        &quot;HCM Belgium&quot;,
                        &quot;HCM Brazil&quot;,
                        &quot;HCM Canada&quot;,
                        &quot;HCM Chile&quot;,
                        &quot;HCM China&quot;,
                        &quot;HCM Columbia&quot;,
                        &quot;HCM Costa Rica&quot;,
                        &quot;HCM Czech Republic&quot;,
                        &quot;HCM Denmark&quot;,
                        &quot;HCM Dominican Republic&quot;,
                        &quot;HCM Ecuador&quot;,
                        &quot;HCM El Salvador&quot;,
                        &quot;HCM Estonia&quot;,
                        &quot;HCM Finland&quot;,
                        &quot;HCM France&quot;,
                        &quot;HCM Germany&quot;,
                        &quot;HCM Gibraltar&quot;,
                        &quot;HCM Greece&quot;,
                        &quot;HCM Guatemala&quot;,
                        &quot;HCM Honduras&quot;,
                        &quot;HCM Hong Kong&quot;,
                        &quot;HCM Hungary&quot;,
                        &quot;HCM India&quot;,
                        &quot;HCM Indonesia&quot;,
                        &quot;HCM Ireland&quot;,
                        &quot;HCM Israel&quot;,
                        &quot;HCM Italy&quot;,
                        &quot;HCM Japan&quot;,
                        &quot;HCM Kazakhstan&quot;,
                        &quot;HCM Latvia&quot;,
                        &quot;HCM Lithuania&quot;,
                        &quot;HCM Luxembourg&quot;,
                        &quot;HCM Malaysia&quot;,
                        &quot;HCM Malta&quot;,
                        &quot;HCM Mexico&quot;,
                        &quot;HCM Netherlands&quot;,
                        &quot;HCM New Zealand&quot;,
                        &quot;HCM Nicaragua&quot;,
                        &quot;HCM Norway&quot;,
                        &quot;HCM Panama&quot;,
                        &quot;HCM Peru&quot;,
                        &quot;HCM Philippines&quot;,
                        &quot;HCM Poland&quot;,
                        &quot;HCM Portugal&quot;,
                        &quot;HCM Romania&quot;,
                        &quot;HCM Russian Federation&quot;,
                        &quot;HCM Saudi Arabia&quot;,
                        &quot;HCM Singapore&quot;,
                        &quot;HCM Slovakia&quot;,
                        &quot;HCM South Africa&quot;,
                        &quot;HCM South Korea&quot;,
                        &quot;HCM Spain&quot;,
                        &quot;HCM Sweden&quot;,
                        &quot;HCM Switzerland&quot;,
                        &quot;HCM Taiwan&quot;,
                        &quot;HCM Thailand&quot;,
                        &quot;HCM Turkey&quot;,
                        &quot;HCM Ukraine&quot;,
                        &quot;HCM United Arab Emirates&quot;,
                        &quot;HCM United Kingdom&quot;,
                        &quot;HCM United States of America&quot;,
                        &quot;HCM Uruguay&quot;,
                        &quot;HCM Venezuela&quot;,
                        &quot;HCM Vietnam&quot;
                    ]
                },
                {
                    &quot;category&quot;: &quot;Absence Country Scope&quot;,
                    &quot;tags&quot;: [
                        &quot;Absence Australia&quot;,
                        &quot;Absence Austria&quot;,
                        &quot;Absence Belgium&quot;,
                        &quot;Absence Canada&quot;,
                        &quot;Absence China&quot;,
                        &quot;Absence Denmark&quot;,
                        &quot;Absence Finland&quot;,
                        &quot;Absence France&quot;,
                        &quot;Absence Germany&quot;,
                        &quot;Absence Ireland&quot;,
                        &quot;Absence Japan&quot;,
                        &quot;Absence Luxembourg&quot;,
                        &quot;Absence Mexico&quot;,
                        &quot;Absence Netherlands&quot;,
                        &quot;Absence Norway&quot;,
                        &quot;Absence Poland&quot;,
                        &quot;Absence Singapore&quot;,
                        &quot;Absence Spain&quot;,
                        &quot;Absence Sweden&quot;,
                        &quot;Absence Switzerland&quot;,
                        &quot;Absence Taiwan&quot;,
                        &quot;Absence United Kingdom&quot;,
                        &quot;Absence United States of America&quot;
                    ]
                },
                {
                    &quot;category&quot;: &quot;Time Tracking Country Scope&quot;,
                    &quot;tags&quot;: [
                        &quot;Time Tracking Canada&quot;,
                        &quot;Time Tracking France&quot;,
                        &quot;Time Tracking Germany&quot;,
                        &quot;Time Tracking Japan&quot;,
                        &quot;Time Tracking New Zealand&quot;,
                        &quot;Time Tracking United Kingdom&quot;,
                        &quot;Time Tracking United States of America&quot;
                    ]
                }
            ]
        },
        {
            &quot;target&quot;: &quot;launchfinfirst&quot;,
            &quot;recipe&quot;: &quot;Baseline Foundation Recipes&quot;,
            &quot;categories_tags&quot;: [
                {
                    &quot;category&quot;: &quot;01 Baseline Launch&quot;,
                    &quot;tags&quot;: [
                        &quot;Launch - Financials&quot;
                    ]
                },
                {
                    &quot;category&quot;: &quot;02 Financials - Fiscal Schedules&quot;,
                    &quot;tags&quot;: [
                        &quot;12 YE December&quot;
                    ]
                },
                {
                    &quot;category&quot;: &quot;02 Financials&quot;,
                    &quot;tags&quot;: [
                        &quot;1-Financials Core&quot;,
                        &quot;Accounting Center&quot;,
                        &quot;Budgets&quot;,
                        &quot;Business Assets&quot;,
                        &quot;Customer Accounts&quot;,
                        &quot;Customer Contracts&quot;,
                        &quot;Expenses&quot;,
                        &quot;Inventory&quot;,
                        &quot;Procurement&quot;,
                        &quot;Project Billing&quot;,
                        &quot;Projects&quot;,
                        &quot;Services CPQ - Early Adopter&quot;
                    ]
                }
            ]
        },
        {
            &quot;target&quot;: &quot;launchfinfirst&quot;,
            &quot;recipe&quot;: &quot;Industry&quot;,
            &quot;categories_tags&quot;: [
                {
                    &quot;category&quot;: &quot;Industry-Commercial&quot;,
                    &quot;tags&quot;: [
                        &quot;Financial Core-Commercial&quot;,
                        &quot;Projects-Commercial&quot;,
                        &quot;Customer Contracts-Commercial&quot;
                    ]
                }
            ]
        },
        {
            &quot;target&quot;: &quot;launchfinfirst&quot;,
            &quot;recipe&quot;: &quot;Country FIN&quot;,
            &quot;categories_tags&quot;: [
                {
                    &quot;category&quot;: &quot;Financial Tax Country Scope&quot;,
                    &quot;tags&quot;: [
                        &quot;Financials Australia Taxes&quot;,
                        &quot;Financials Argentina Taxes&quot;,
                        &quot;Financials Austria Taxes&quot;,
                        &quot;Financials Barbados Taxes&quot;,
                        &quot;Financials Belgium Taxes&quot;,
                        &quot;Financials Bulgaria Taxes&quot;,
                        &quot;Financials Canada Taxes&quot;,
                        &quot;Financials Chile Taxes&quot;,
                        &quot;Financials China Taxes&quot;,
                        &quot;Financials Colombia Taxes&quot;,
                        &quot;Financials Croatia Taxes&quot;,
                        &quot;Financials Cyprus Taxes&quot;,
                        &quot;Financials Czech Republic Taxes&quot;,
                        &quot;Financials Denmark Taxes&quot;,
                        &quot;Financials Estonia Taxes&quot;,
                        &quot;Financials Finland Taxes&quot;,
                        &quot;Financials France Taxes&quot;,
                        &quot;Financials Germany Taxes&quot;,
                        &quot;Financials Hong Kong Taxes&quot;,
                        &quot;Financials India Taxes&quot;,
                        &quot;Financials Indonesia Taxes&quot;,
                        &quot;Financials Ireland Taxes&quot;,
                        &quot;Financials Isle of Man Taxes&quot;,
                        &quot;Financials Israel Taxes&quot;,
                        &quot;Financials Italy Taxes&quot;,
                        &quot;Financials Japan Taxes&quot;,
                        &quot;Financials Latvia Taxes&quot;,
                        &quot;Financials Lithuania Taxes&quot;,
                        &quot;Financials Luxembourg Taxes&quot;,
                        &quot;Financials Malaysia Taxes&quot;,
                        &quot;Financials Malta Taxes&quot;,
                        &quot;Financials Mexico Taxes&quot;,
                        &quot;Financials Morocco Taxes&quot;,
                        &quot;Financials Netherlands Taxes&quot;,
                        &quot;Financials New Zealand Taxes&quot;,
                        &quot;Financials Norway Taxes&quot;,
                        &quot;Financials Philippines Taxes&quot;,
                        &quot;Financials Poland Taxes&quot;,
                        &quot;Financials Portugal Taxes&quot;,
                        &quot;Financials Romania Taxes&quot;,
                        &quot;Financials Saudi Arabia Taxes&quot;,
                        &quot;Financials Singapore Taxes&quot;,
                        &quot;Financials Slovakia Taxes&quot;,
                        &quot;Financials Slovenia Taxes&quot;,
                        &quot;Financials South Africa Taxes&quot;,
                        &quot;Financials South Korea Taxes&quot;,
                        &quot;Financials Spain Taxes&quot;,
                        &quot;Financials Sri Lanka Taxes&quot;,
                        &quot;Financials Sweden Taxes&quot;,
                        &quot;Financials Switzerland Taxes&quot;,
                        &quot;Financials Taiwan Taxes&quot;,
                        &quot;Financials Thailand Taxes&quot;,
                        &quot;Financials United Arab Emirates Taxes&quot;,
                        &quot;Financials United Kingdom Taxes&quot;,
                        &quot;Financials Vietnam Taxes&quot;
                    ]
                },
                {
                    &quot;category&quot;: &quot;Financial Core Country Scope&quot;,
                    &quot;tags&quot;: [
                        &quot;Financials Argentina&quot;,
                        &quot;Financials Australia&quot;,
                        &quot;Financials Belgium&quot;,
                        &quot;Financials Chile&quot;,
                        &quot;Financials China&quot;,
                        &quot;Financials Colombia&quot;,
                        &quot;Financials Cyprus&quot;,
                        &quot;Financials France&quot;,
                        &quot;Financials Germany&quot;,
                        &quot;Financials Indonesia&quot;,
                        &quot;Financials Israel&quot;,
                        &quot;Financials Italy&quot;,
                        &quot;Financials Malta&quot;,
                        &quot;Financials Morocco&quot;,
                        &quot;Financials Netherlands&quot;,
                        &quot;Financials Slovakia&quot;,
                        &quot;Financials Slovenia&quot;,
                        &quot;Financials South Africa&quot;,
                        &quot;Financials Spain&quot;,
                        &quot;Financials Taiwan&quot;,
                        &quot;Financials United Kingdom&quot;,
                        &quot;Financials United States of America&quot;
                    ]
                },
                {
                    &quot;category&quot;: &quot;Expenses Country Scope&quot;,
                    &quot;tags&quot;: [
                        &quot;Expenses Australia&quot;,
                        &quot;Expenses Austria&quot;,
                        &quot;Expenses Denmark&quot;,
                        &quot;Expenses Finland&quot;,
                        &quot;Expenses France&quot;,
                        &quot;Expenses Germany&quot;,
                        &quot;Expenses Ireland&quot;,
                        &quot;Expenses Netherlands&quot;,
                        &quot;Expenses Norway&quot;,
                        &quot;Expenses Poland&quot;,
                        &quot;Expenses Sweden&quot;,
                        &quot;Expenses United Kingdom&quot;,
                        &quot;Expenses United States of America&quot;
                    ]
                }
            ]
        },
        {
            &quot;target&quot;: &quot;lxhcm&quot;,
            &quot;recipe&quot;: &quot;Baseline Foundation Recipes&quot;,
            &quot;categories_tags&quot;: [
                {
                    &quot;category&quot;: &quot;01 Launch Express&quot;,
                    &quot;tags&quot;: [
                        &quot;LX - HCM&quot;,
                        &quot;LX - Recruiting&quot;,
                        &quot;LX - Talent&quot;,
                        &quot;LX - Benefits&quot;
                    ]
                },
                {
                    &quot;category&quot;: &quot;03 HCM&quot;,
                    &quot;tags&quot;: [
                        &quot;1-HCM Core&quot;,
                        &quot;Advanced Compensation&quot;,
                        &quot;Benefits&quot;,
                        &quot;Learning&quot;,
                        &quot;Learning - Extended Enterprise&quot;,
                        &quot;Recruiting&quot;,
                        &quot;Safety&quot;,
                        &quot;Talent Optimization&quot;,
                        &quot;Vaccine Tracking&quot;,
                        &quot;Workplace Test Tracking&quot;
                    ]
                },
                {
                    &quot;category&quot;: &quot;04 PATTS - Payroll&quot;,
                    &quot;tags&quot;: [
                        &quot;Payroll Interface&quot;
                    ]
                },
                {
                    &quot;category&quot;: &quot;02 Financials - Fiscal Schedules&quot;,
                    &quot;tags&quot;: [
                        &quot;12 YE December&quot;
                    ]
                },
                {
                    &quot;category&quot;: &quot;05 Cross Application&quot;,
                    &quot;tags&quot;: [
                        &quot;Help&quot;,
                        &quot;Journeys&quot;
                    ]
                }
            ]
        },
        {
            &quot;target&quot;: &quot;lxhcm&quot;,
            &quot;recipe&quot;: &quot;Industry&quot;,
            &quot;categories_tags&quot;: [
                {
                    &quot;category&quot;: &quot;Industry-Commercial&quot;,
                    &quot;tags&quot;: [
                        &quot;HCM Core-Commercial&quot;,
                        &quot;Advanced Compensation-Commercial&quot;,
                        &quot;Recruiting-Commercial&quot;
                    ]
                }
            ]
        },
        {
            &quot;target&quot;: &quot;lxhcm&quot;,
            &quot;recipe&quot;: &quot;Country HCM&quot;,
            &quot;categories_tags&quot;: [
                {
                    &quot;category&quot;: &quot;HCM Country Scope&quot;,
                    &quot;tags&quot;: [
                        &quot;HCM Argentina&quot;,
                        &quot;HCM Australia&quot;,
                        &quot;HCM Austria&quot;,
                        &quot;HCM Bahamas&quot;,
                        &quot;HCM Belgium&quot;,
                        &quot;HCM Brazil&quot;,
                        &quot;HCM Canada&quot;,
                        &quot;HCM Chile&quot;,
                        &quot;HCM China&quot;,
                        &quot;HCM Columbia&quot;,
                        &quot;HCM Costa Rica&quot;,
                        &quot;HCM Czech Republic&quot;,
                        &quot;HCM Denmark&quot;,
                        &quot;HCM Dominican Republic&quot;,
                        &quot;HCM Ecuador&quot;,
                        &quot;HCM El Salvador&quot;,
                        &quot;HCM Estonia&quot;,
                        &quot;HCM Finland&quot;,
                        &quot;HCM France&quot;,
                        &quot;HCM Germany&quot;,
                        &quot;HCM Gibraltar&quot;,
                        &quot;HCM Greece&quot;,
                        &quot;HCM Guatemala&quot;,
                        &quot;HCM Honduras&quot;,
                        &quot;HCM Hong Kong&quot;,
                        &quot;HCM Hungary&quot;,
                        &quot;HCM India&quot;,
                        &quot;HCM Indonesia&quot;,
                        &quot;HCM Ireland&quot;,
                        &quot;HCM Israel&quot;,
                        &quot;HCM Italy&quot;,
                        &quot;HCM Japan&quot;,
                        &quot;HCM Kazakhstan&quot;,
                        &quot;HCM Latvia&quot;,
                        &quot;HCM Lithuania&quot;,
                        &quot;HCM Luxembourg&quot;,
                        &quot;HCM Malaysia&quot;,
                        &quot;HCM Malta&quot;,
                        &quot;HCM Mexico&quot;,
                        &quot;HCM Netherlands&quot;,
                        &quot;HCM New Zealand&quot;,
                        &quot;HCM Nicaragua&quot;,
                        &quot;HCM Norway&quot;,
                        &quot;HCM Panama&quot;,
                        &quot;HCM Peru&quot;,
                        &quot;HCM Philippines&quot;,
                        &quot;HCM Poland&quot;,
                        &quot;HCM Portugal&quot;,
                        &quot;HCM Romania&quot;,
                        &quot;HCM Russian Federation&quot;,
                        &quot;HCM Saudi Arabia&quot;,
                        &quot;HCM Singapore&quot;,
                        &quot;HCM Slovakia&quot;,
                        &quot;HCM South Africa&quot;,
                        &quot;HCM South Korea&quot;,
                        &quot;HCM Spain&quot;,
                        &quot;HCM Sweden&quot;,
                        &quot;HCM Switzerland&quot;,
                        &quot;HCM Taiwan&quot;,
                        &quot;HCM Thailand&quot;,
                        &quot;HCM Turkey&quot;,
                        &quot;HCM Ukraine&quot;,
                        &quot;HCM United Arab Emirates&quot;,
                        &quot;HCM United Kingdom&quot;,
                        &quot;HCM United States of America&quot;,
                        &quot;HCM Uruguay&quot;,
                        &quot;HCM Venezuela&quot;,
                        &quot;HCM Vietnam&quot;
                    ]
                },
                {
                    &quot;category&quot;: &quot;Benefits Country Scope&quot;,
                    &quot;tags&quot;: [
                        &quot;Benefits United States of America&quot;,
                        &quot;Benefits Canada&quot;
                    ]
                }
            ]
        },
        {
            &quot;target&quot;: &quot;lxpay&quot;,
            &quot;recipe&quot;: &quot;Baseline Foundation Recipes&quot;,
            &quot;categories_tags&quot;: [
                {
                    &quot;category&quot;: &quot;01 Launch Express&quot;,
                    &quot;tags&quot;: [
                        &quot;LX - Absence&quot;,
                        &quot;LX - HCM&quot;
                    ]
                },
                {
                    &quot;category&quot;: &quot;04 PATTS - Absence&quot;,
                    &quot;tags&quot;: [
                        &quot;Absence Core&quot;
                    ]
                },
                {
                    &quot;category&quot;: &quot;03 HCM&quot;,
                    &quot;tags&quot;: [
                        &quot;1-HCM Core&quot;
                    ]
                },
                {
                    &quot;category&quot;: &quot;04 PATTS - Payroll&quot;,
                    &quot;tags&quot;: [
                        &quot;1-Payroll Core&quot;,
                        &quot;PAY - Accounting&quot;,
                        &quot;PAY - USA&quot;,
                        &quot;Payroll Interface&quot;,
                        &quot;PAY - Benefits for FRA Payroll&quot;,
                        &quot;PAY - Benefits for GBR Payroll&quot;,
                        &quot;PAY - AUS&quot;,
                        &quot;PAY - CAN&quot;,
                        &quot;PAY - FRA&quot;,
                        &quot;PAY - GBR&quot;
                    ]
                },
                {
                    &quot;category&quot;: &quot;04 PATTS - Time Tracking&quot;,
                    &quot;tags&quot;: [
                        &quot;1-Time Tracking Core&quot;
                    ]
                },
                {
                    &quot;category&quot;: &quot;04 PATTS - Scheduling&quot;,
                    &quot;tags&quot;: [
                        &quot;Workday Scheduling&quot;
                    ]
                },
                {
                    &quot;category&quot;: &quot;02 Financials - Fiscal Schedules&quot;,
                    &quot;tags&quot;: [
                        &quot;12 YE December&quot;
                    ]
                }
            ]
        },
        {
            &quot;target&quot;: &quot;lxpay&quot;,
            &quot;recipe&quot;: &quot;Industry&quot;,
            &quot;categories_tags&quot;: [
                {
                    &quot;category&quot;: &quot;Industry-Commercial&quot;,
                    &quot;tags&quot;: [
                        &quot;HCM Core-Commercial&quot;
                    ]
                }
            ]
        },
        {
            &quot;target&quot;: &quot;lxpay&quot;,
            &quot;recipe&quot;: &quot;Country HCM&quot;,
            &quot;categories_tags&quot;: [
                {
                    &quot;category&quot;: &quot;HCM Country Scope&quot;,
                    &quot;tags&quot;: [
                        &quot;HCM Argentina&quot;,
                        &quot;HCM Australia&quot;,
                        &quot;HCM Austria&quot;,
                        &quot;HCM Bahamas&quot;,
                        &quot;HCM Belgium&quot;,
                        &quot;HCM Brazil&quot;,
                        &quot;HCM Canada&quot;,
                        &quot;HCM Chile&quot;,
                        &quot;HCM China&quot;,
                        &quot;HCM Columbia&quot;,
                        &quot;HCM Costa Rica&quot;,
                        &quot;HCM Czech Republic&quot;,
                        &quot;HCM Denmark&quot;,
                        &quot;HCM Dominican Republic&quot;,
                        &quot;HCM Ecuador&quot;,
                        &quot;HCM El Salvador&quot;,
                        &quot;HCM Estonia&quot;,
                        &quot;HCM Finland&quot;,
                        &quot;HCM France&quot;,
                        &quot;HCM Germany&quot;,
                        &quot;HCM Gibraltar&quot;,
                        &quot;HCM Greece&quot;,
                        &quot;HCM Guatemala&quot;,
                        &quot;HCM Honduras&quot;,
                        &quot;HCM Hong Kong&quot;,
                        &quot;HCM Hungary&quot;,
                        &quot;HCM India&quot;,
                        &quot;HCM Indonesia&quot;,
                        &quot;HCM Ireland&quot;,
                        &quot;HCM Israel&quot;,
                        &quot;HCM Italy&quot;,
                        &quot;HCM Japan&quot;,
                        &quot;HCM Kazakhstan&quot;,
                        &quot;HCM Latvia&quot;,
                        &quot;HCM Lithuania&quot;,
                        &quot;HCM Luxembourg&quot;,
                        &quot;HCM Malaysia&quot;,
                        &quot;HCM Malta&quot;,
                        &quot;HCM Mexico&quot;,
                        &quot;HCM Netherlands&quot;,
                        &quot;HCM New Zealand&quot;,
                        &quot;HCM Nicaragua&quot;,
                        &quot;HCM Norway&quot;,
                        &quot;HCM Panama&quot;,
                        &quot;HCM Peru&quot;,
                        &quot;HCM Philippines&quot;,
                        &quot;HCM Poland&quot;,
                        &quot;HCM Portugal&quot;,
                        &quot;HCM Romania&quot;,
                        &quot;HCM Russian Federation&quot;,
                        &quot;HCM Saudi Arabia&quot;,
                        &quot;HCM Singapore&quot;,
                        &quot;HCM Slovakia&quot;,
                        &quot;HCM South Africa&quot;,
                        &quot;HCM South Korea&quot;,
                        &quot;HCM Spain&quot;,
                        &quot;HCM Sweden&quot;,
                        &quot;HCM Switzerland&quot;,
                        &quot;HCM Taiwan&quot;,
                        &quot;HCM Thailand&quot;,
                        &quot;HCM Turkey&quot;,
                        &quot;HCM Ukraine&quot;,
                        &quot;HCM United Arab Emirates&quot;,
                        &quot;HCM United Kingdom&quot;,
                        &quot;HCM United States of America&quot;,
                        &quot;HCM Uruguay&quot;,
                        &quot;HCM Venezuela&quot;,
                        &quot;HCM Vietnam&quot;
                    ]
                },
                {
                    &quot;category&quot;: &quot;Absence Country Scope&quot;,
                    &quot;tags&quot;: [
                        &quot;Absence Australia&quot;,
                        &quot;Absence Austria&quot;,
                        &quot;Absence Belgium&quot;,
                        &quot;Absence Canada&quot;,
                        &quot;Absence China&quot;,
                        &quot;Absence Denmark&quot;,
                        &quot;Absence Finland&quot;,
                        &quot;Absence France&quot;,
                        &quot;Absence Germany&quot;,
                        &quot;Absence Ireland&quot;,
                        &quot;Absence Japan&quot;,
                        &quot;Absence Luxembourg&quot;,
                        &quot;Absence Mexico&quot;,
                        &quot;Absence Netherlands&quot;,
                        &quot;Absence Norway&quot;,
                        &quot;Absence Poland&quot;,
                        &quot;Absence Singapore&quot;,
                        &quot;Absence Spain&quot;,
                        &quot;Absence Sweden&quot;,
                        &quot;Absence Switzerland&quot;,
                        &quot;Absence Taiwan&quot;,
                        &quot;Absence United Kingdom&quot;,
                        &quot;Absence United States of America&quot;
                    ]
                },
                {
                    &quot;category&quot;: &quot;Time Tracking Country Scope&quot;,
                    &quot;tags&quot;: [
                        &quot;Time Tracking Canada&quot;,
                        &quot;Time Tracking France&quot;,
                        &quot;Time Tracking Germany&quot;,
                        &quot;Time Tracking Japan&quot;,
                        &quot;Time Tracking New Zealand&quot;,
                        &quot;Time Tracking United Kingdom&quot;,
                        &quot;Time Tracking United States of America&quot;
                    ]
                }
            ]
        },
        {
            &quot;target&quot;: &quot;lxfinfirst&quot;,
            &quot;recipe&quot;: &quot;Baseline Foundation Recipes&quot;,
            &quot;categories_tags&quot;: [
                {
                    &quot;category&quot;: &quot;01 Launch Express&quot;,
                    &quot;tags&quot;: [
                        &quot;LX - Financials&quot;
                    ]
                },
                {
                    &quot;category&quot;: &quot;02 Financials - Fiscal Schedules&quot;,
                    &quot;tags&quot;: [
                        &quot;12 YE December&quot;
                    ]
                },
                {
                    &quot;category&quot;: &quot;02 Financials&quot;,
                    &quot;tags&quot;: [
                        &quot;1-Financials Core&quot;,
                        &quot;Accounting Center&quot;,
                        &quot;Budgets&quot;,
                        &quot;Business Assets&quot;,
                        &quot;Customer Accounts&quot;,
                        &quot;Customer Contracts&quot;,
                        &quot;Expenses&quot;,
                        &quot;Inventory&quot;,
                        &quot;Procurement&quot;,
                        &quot;Project Billing&quot;,
                        &quot;Projects&quot;,
                        &quot;Services CPQ - Early Adopter&quot;
                    ]
                }
            ]
        },
        {
            &quot;target&quot;: &quot;lxfinfirst&quot;,
            &quot;recipe&quot;: &quot;Industry&quot;,
            &quot;categories_tags&quot;: [
                {
                    &quot;category&quot;: &quot;Industry-Commercial&quot;,
                    &quot;tags&quot;: [
                        &quot;Financial Core-Commercial&quot;,
                        &quot;Projects-Commercial&quot;,
                        &quot;Customer Contracts-Commercial&quot;
                    ]
                }
            ]
        },
        {
            &quot;target&quot;: &quot;lxfinfirst&quot;,
            &quot;recipe&quot;: &quot;Country FIN&quot;,
            &quot;categories_tags&quot;: [
                {
                    &quot;category&quot;: &quot;Financial Tax Country Scope&quot;,
                    &quot;tags&quot;: [
                        &quot;Financials Australia Taxes&quot;,
                        &quot;Financials Argentina Taxes&quot;,
                        &quot;Financials Austria Taxes&quot;,
                        &quot;Financials Barbados Taxes&quot;,
                        &quot;Financials Belgium Taxes&quot;,
                        &quot;Financials Bulgaria Taxes&quot;,
                        &quot;Financials Canada Taxes&quot;,
                        &quot;Financials Chile Taxes&quot;,
                        &quot;Financials China Taxes&quot;,
                        &quot;Financials Colombia Taxes&quot;,
                        &quot;Financials Croatia Taxes&quot;,
                        &quot;Financials Cyprus Taxes&quot;,
                        &quot;Financials Czech Republic Taxes&quot;,
                        &quot;Financials Denmark Taxes&quot;,
                        &quot;Financials Estonia Taxes&quot;,
                        &quot;Financials Finland Taxes&quot;,
                        &quot;Financials France Taxes&quot;,
                        &quot;Financials Germany Taxes&quot;,
                        &quot;Financials Hong Kong Taxes&quot;,
                        &quot;Financials India Taxes&quot;,
                        &quot;Financials Indonesia Taxes&quot;,
                        &quot;Financials Ireland Taxes&quot;,
                        &quot;Financials Isle of Man Taxes&quot;,
                        &quot;Financials Israel Taxes&quot;,
                        &quot;Financials Italy Taxes&quot;,
                        &quot;Financials Japan Taxes&quot;,
                        &quot;Financials Latvia Taxes&quot;,
                        &quot;Financials Lithuania Taxes&quot;,
                        &quot;Financials Luxembourg Taxes&quot;,
                        &quot;Financials Malaysia Taxes&quot;,
                        &quot;Financials Malta Taxes&quot;,
                        &quot;Financials Mexico Taxes&quot;,
                        &quot;Financials Morocco Taxes&quot;,
                        &quot;Financials Netherlands Taxes&quot;,
                        &quot;Financials New Zealand Taxes&quot;,
                        &quot;Financials Norway Taxes&quot;,
                        &quot;Financials Philippines Taxes&quot;,
                        &quot;Financials Poland Taxes&quot;,
                        &quot;Financials Portugal Taxes&quot;,
                        &quot;Financials Romania Taxes&quot;,
                        &quot;Financials Saudi Arabia Taxes&quot;,
                        &quot;Financials Singapore Taxes&quot;,
                        &quot;Financials Slovakia Taxes&quot;,
                        &quot;Financials Slovenia Taxes&quot;,
                        &quot;Financials South Africa Taxes&quot;,
                        &quot;Financials South Korea Taxes&quot;,
                        &quot;Financials Spain Taxes&quot;,
                        &quot;Financials Sri Lanka Taxes&quot;,
                        &quot;Financials Sweden Taxes&quot;,
                        &quot;Financials Switzerland Taxes&quot;,
                        &quot;Financials Taiwan Taxes&quot;,
                        &quot;Financials Thailand Taxes&quot;,
                        &quot;Financials United Arab Emirates Taxes&quot;,
                        &quot;Financials United Kingdom Taxes&quot;,
                        &quot;Financials Vietnam Taxes&quot;
                    ]
                },
                {
                    &quot;category&quot;: &quot;Financial Core Country Scope&quot;,
                    &quot;tags&quot;: [
                        &quot;Financials Argentina&quot;,
                        &quot;Financials Australia&quot;,
                        &quot;Financials Belgium&quot;,
                        &quot;Financials Chile&quot;,
                        &quot;Financials China&quot;,
                        &quot;Financials Colombia&quot;,
                        &quot;Financials Cyprus&quot;,
                        &quot;Financials France&quot;,
                        &quot;Financials Germany&quot;,
                        &quot;Financials Indonesia&quot;,
                        &quot;Financials Israel&quot;,
                        &quot;Financials Italy&quot;,
                        &quot;Financials Malta&quot;,
                        &quot;Financials Morocco&quot;,
                        &quot;Financials Netherlands&quot;,
                        &quot;Financials Slovakia&quot;,
                        &quot;Financials Slovenia&quot;,
                        &quot;Financials South Africa&quot;,
                        &quot;Financials Spain&quot;,
                        &quot;Financials Taiwan&quot;,
                        &quot;Financials United Kingdom&quot;,
                        &quot;Financials United States of America&quot;
                    ]
                },
                {
                    &quot;category&quot;: &quot;Expenses Country Scope&quot;,
                    &quot;tags&quot;: [
                        &quot;Expenses Australia&quot;,
                        &quot;Expenses Austria&quot;,
                        &quot;Expenses Denmark&quot;,
                        &quot;Expenses Finland&quot;,
                        &quot;Expenses France&quot;,
                        &quot;Expenses Germany&quot;,
                        &quot;Expenses Ireland&quot;,
                        &quot;Expenses Netherlands&quot;,
                        &quot;Expenses Norway&quot;,
                        &quot;Expenses Poland&quot;,
                        &quot;Expenses Sweden&quot;,
                        &quot;Expenses United Kingdom&quot;,
                        &quot;Expenses United States of America&quot;
                    ]
                }
            ]
        }
    ]
}</defaultValue>
          <trim>false</trim>
        </hudson.model.TextParameterDefinition>
      </parameterDefinitions>
    </hudson.model.ParametersDefinitionProperty>
    <org.jenkinsci.plugins.workflow.job.properties.PipelineTriggersJobProperty>
      <triggers>
        <hudson.triggers.TimerTrigger>
          <spec>TZ=US/Mountain
0 00 * * 3
</spec>
        </hudson.triggers.TimerTrigger>
      </triggers>
    </org.jenkinsci.plugins.workflow.job.properties.PipelineTriggersJobProperty>
  </properties>
  <definition class="org.jenkinsci.plugins.workflow.cps.CpsScmFlowDefinition" plugin="workflow-cps@4000.v5198556e9cea_">
    <scm class="hudson.plugins.git.GitSCM" plugin="git@5.2.2">
      <configVersion>2</configVersion>
      <userRemoteConfigs>
        <hudson.plugins.git.UserRemoteConfig>
          <url>git@ghe.megaleo.com:DTOE/DAI_Tools.git</url>
          <credentialsId>SVC_CAS_JENKINS_USER_KEY</credentialsId>
        </hudson.plugins.git.UserRemoteConfig>
      </userRemoteConfigs>
      <branches>
        <hudson.plugins.git.BranchSpec>
          <name>*/master</name>
        </hudson.plugins.git.BranchSpec>
      </branches>
      <doGenerateSubmoduleConfigurations>false</doGenerateSubmoduleConfigurations>
      <submoduleCfg class="empty-list"/>
      <extensions/>
    </scm>
    <scriptPath>Jenkins/Scenario/ScenarioBuilder.groovy</scriptPath>
    <lightweight>true</lightweight>
  </definition>
  <triggers/>
  <disabled>false</disabled>
</flow-definition>