<?xml version='1.1' encoding='UTF-8'?>
<flow-definition plugin="workflow-job@1385.vb_58b_86ea_fff1">
  <actions/>
  <description>Run the DCDD_Backup Python script.&#xd;
&#xd;
Examples (folders or workspaces):&#xd;
SOURCE_FOLDER_ID=8393978237216644 # _DTOE/_DCDDs&#xd;
SOURCE_FOLDER_ID=227890882209668 # _DTOE/DCDD_DEV&#xd;
SOURCE_FOLDER_ID=8618628699449220 # _SLNGShot&#xd;
&#xd;
TARGET_FOLDER_ID=1060613267974020 # _DTOE/Testoring&#xd;
TARGET_FOLDER_ID=1933194275645316 # ZZZ Backups&#xd;
TARGET_FOLDER_ID=3982420329424772 # _DCDDs_Backup/DAILY&#xd;
TARGET_FOLDER_ID=1800989259917188 # _DCDDs_Backup/MONTHLY&#xd;
TARGET_FOLDER_ID=5812007678044036 # _DCDDs_Backup/WEEKLY</description>
  <keepDependencies>false</keepDependencies>
  <properties>
    <hudson.plugins.jira.JiraProjectProperty plugin="jira@3.13"/>
    <jenkins.model.BuildDiscarderProperty>
      <strategy class="hudson.tasks.LogRotator">
        <daysToKeep>-1</daysToKeep>
        <numToKeep>20</numToKeep>
        <artifactDaysToKeep>-1</artifactDaysToKeep>
        <artifactNumToKeep>-1</artifactNumToKeep>
      </strategy>
    </jenkins.model.BuildDiscarderProperty>
    <org.jenkinsci.plugins.workflow.job.properties.DisableConcurrentBuildsJobProperty>
      <abortPrevious>false</abortPrevious>
    </org.jenkinsci.plugins.workflow.job.properties.DisableConcurrentBuildsJobProperty>
    <org.jenkinsci.plugins.workflow.job.properties.DurabilityHintJobProperty>
      <hint>PERFORMANCE_OPTIMIZED</hint>
    </org.jenkinsci.plugins.workflow.job.properties.DurabilityHintJobProperty>
    <com.sonyericsson.rebuild.RebuildSettings plugin="rebuild@332.va_1ee476d8f6d">
      <autoRebuild>false</autoRebuild>
      <rebuildDisabled>false</rebuildDisabled>
    </com.sonyericsson.rebuild.RebuildSettings>
    <hudson.model.ParametersDefinitionProperty>
      <parameterDefinitions>
        <hudson.model.StringParameterDefinition>
          <name>SOURCE_FOLDER_ID</name>
          <description>SOURCE_FOLDER_ID=8393978237216644 # _DTOE/_DCDDs
SOURCE_FOLDER_ID=227890882209668 # _DTOE/DCDD_DEV
SOURCE_FOLDER_ID=8618628699449220 # _SLNGShot</description>
          <defaultValue>8618628699449220</defaultValue>
          <trim>true</trim>
        </hudson.model.StringParameterDefinition>
        <hudson.model.StringParameterDefinition>
          <name>TARGET_FOLDER_ID</name>
          <description>TARGET_FOLDER_ID=1060613267974020 # _DTOE/Testoring
TARGET_FOLDER_ID=1933194275645316 # ZZZ Backups
TARGET_FOLDER_ID=3982420329424772 # _DCDDs_Backup/DAILY
TARGET_FOLDER_ID=1800989259917188 # _DCDDs_Backup/MONTHLY
TARGET_FOLDER_ID=5812007678044036 # _DCDDs_Backup/WEEKLY</description>
          <defaultValue>3982420329424772</defaultValue>
          <trim>true</trim>
        </hudson.model.StringParameterDefinition>
      </parameterDefinitions>
    </hudson.model.ParametersDefinitionProperty>
    <org.jenkinsci.plugins.workflow.job.properties.PipelineTriggersJobProperty>
      <triggers>
        <hudson.triggers.TimerTrigger>
          <spec>TZ=America/New_York
H 6 * * 1-5</spec>
        </hudson.triggers.TimerTrigger>
      </triggers>
    </org.jenkinsci.plugins.workflow.job.properties.PipelineTriggersJobProperty>
  </properties>
  <definition class="org.jenkinsci.plugins.workflow.cps.CpsScmFlowDefinition" plugin="workflow-cps@4000.v5198556e9cea_">
    <scm class="hudson.plugins.git.GitSCM" plugin="git@5.2.2">
      <configVersion>2</configVersion>
      <userRemoteConfigs>
        <hudson.plugins.git.UserRemoteConfig>
          <url>git@ghe.megaleo.com:DTOE/DCDD_Tools.git</url>
          <credentialsId>SVC_CAS_JENKINS_USER_KEY</credentialsId>
        </hudson.plugins.git.UserRemoteConfig>
      </userRemoteConfigs>
      <branches>
        <hudson.plugins.git.BranchSpec>
          <name>*/master</name>
        </hudson.plugins.git.BranchSpec>
      </branches>
      <doGenerateSubmoduleConfigurations>false</doGenerateSubmoduleConfigurations>
      <submoduleCfg class="empty-list"/>
      <extensions/>
    </scm>
    <scriptPath>Tools/DCDD_Backup/DCDD_Backup_ALL.kb.groovy</scriptPath>
    <lightweight>true</lightweight>
  </definition>
  <triggers/>
  <disabled>false</disabled>
</flow-definition>