<?xml version='1.1' encoding='UTF-8'?>
<flow-definition plugin="workflow-job@1385.vb_58b_86ea_fff1">
  <actions>
    <org.jenkinsci.plugins.pipeline.modeldefinition.actions.DeclarativeJobAction plugin="pipeline-model-definition@2.2218.v56d0cda_37c72"/>
    <org.jenkinsci.plugins.pipeline.modeldefinition.actions.DeclarativeJobPropertyTrackerAction plugin="pipeline-model-definition@2.2218.v56d0cda_37c72">
      <jobProperties>
        <string>jenkins.model.BuildDiscarderProperty</string>
      </jobProperties>
      <triggers/>
      <parameters/>
      <options/>
    </org.jenkinsci.plugins.pipeline.modeldefinition.actions.DeclarativeJobPropertyTrackerAction>
  </actions>
  <description></description>
  <keepDependencies>false</keepDependencies>
  <properties>
    <hudson.plugins.jira.JiraProjectProperty plugin="jira@3.13"/>
    <jenkins.model.BuildDiscarderProperty>
      <strategy class="hudson.tasks.LogRotator">
        <daysToKeep>-1</daysToKeep>
        <numToKeep>2</numToKeep>
        <artifactDaysToKeep>-1</artifactDaysToKeep>
        <artifactNumToKeep>-1</artifactNumToKeep>
      </strategy>
    </jenkins.model.BuildDiscarderProperty>
    <com.sonyericsson.rebuild.RebuildSettings plugin="rebuild@332.va_1ee476d8f6d">
      <autoRebuild>false</autoRebuild>
      <rebuildDisabled>false</rebuildDisabled>
    </com.sonyericsson.rebuild.RebuildSettings>
  </properties>
  <definition class="org.jenkinsci.plugins.workflow.cps.CpsFlowDefinition" plugin="workflow-cps@4000.v5198556e9cea_">
    <script>def buildResult = &apos;SUCCESS&apos;
def getResult

try {
podTemplate(cloud: &apos;gke-cloud&apos;, inheritFrom: &apos;gke-agent-c9-dind&apos;) { node(POD_LABEL) {
  stage(&apos;Results&apos;) {
    withCredentials([ usernamePassword(credentialsId: &apos;SVC_CAS_JENKINS_USER_PASS&apos;, passwordVariable: &apos;auth_pass&apos;, usernameVariable: &apos;auth_user&apos;), 
                      string(credentialsId: &apos;SS_TOKEN&apos;, variable: &apos;ss_token&apos;), 
                      sshUserPrivateKey(credentialsId: &apos;SVC_CAS_JENKINS_USER_KEY&apos;, keyFileVariable: &apos;PK&apos;) ]) {
      script {
        SUV = sh(returnStdout: true, script: &apos;&apos;&apos;
        curl -su $auth_user:$auth_pass &apos;https://wd5-suv.megaleo.com/proteus/api/v2/search/suv/instances&apos; | 
        jq -r &apos;first(.[] | select(.wdAdditionalTags.poolName==&quot;dtoe-automation&quot; and .state==&quot;running&quot; and .buildPercentage &gt;= 10 )) | .instanceId&apos;
        &apos;&apos;&apos;).trim()
        echo &quot;SUV: $SUV&quot;
        withEnv([&quot;SUV=$SUV&quot;]) { 
          sh &apos;&apos;&apos;
          ssh -i &quot;${PK}&quot; -o StrictHostKeyChecking=no root@${SUV}.workdaysuv.com &quot;curl -s --oauth2-bearer ${ss_token} https://api.smartsheet.com/2.0/search?query=Put_Supplier&quot;
          &apos;&apos;&apos;
          wats_iid=&apos;755\\\$149498&apos;
          echo wats_iid
          sh &quot;&quot;&quot;
          ssh -i &quot;${PK}&quot; -o StrictHostKeyChecking=no root@${SUV}.workdaysuv.com &quot;echo ${wats_iid}&quot;
          ssh -i &quot;${PK}&quot; -o StrictHostKeyChecking=no root@${SUV}.workdaysuv.com &apos;echo ${wats_iid}&apos;
          &quot;&quot;&quot;
          sh &apos;which python3; python3 -V&apos;
          //sh &apos;python3 -c &quot;import urllib3&quot;&apos;
          //sh &apos;which groovy&apos;
          // Error on Purpose
          //sh &apos;exit 1&apos;
        } // end withEnv
      } // end script
    } // end withCredentials

    getResult = &quot;Testing Complete&quot;

  } // end stage
} } // end node podTemplate

} catch (e) {
  buildResult = &quot;FAILURE&quot;
  //file = readFile &apos;${JENKINS_HOME}/jobs/${JOB_NAME}/builds/${BUILD_NUMBER}/log&apos;
  //getResult = file.split(&quot;\n&quot;)[-20..-1]
  //getResult = sh(script: &apos;&apos;&apos;\
//#!/bin/bash +x
//tail -20 &apos;${JENKINS_HOME}/jobs/${JOB_NAME}/builds/${BUILD_NUMBER}/log&apos; | sed &apos;s/\\[8mha:.*\\[0m//&apos;
//&apos;&apos;&apos;, returnStdout: true,)
  //}
  getResult = e
  throw e
} finally {
  // Always Run Post Build or Error
  def result_color = (buildResult == &apos;FAILURE&apos;) ? &apos;danger&apos; : &apos;good&apos;
  if (buildResult == &apos;FAILURE&apos; || buildResult == &apos;SUCCESS&apos;) {
    slackSend tokenCredentialId: &apos;SLACK_TOKEN&apos;, teamDomain: &apos;workday-dev&apos;, channel: &apos;#dai-jenkins-notifications&apos;, color: result_color, message: &quot;${env.JOB_NAME} - ${buildResult} after ${currentBuild.durationString} (&lt;${env.BUILD_URL}|#${env.BUILD_NUMBER}&gt; &lt;${env.BUILD_URL}console|Console Output&gt;)\n${getResult}&quot;
  }
}</script>
    <sandbox>true</sandbox>
  </definition>
  <triggers/>
  <disabled>false</disabled>
</flow-definition>