<?xml version='1.1' encoding='UTF-8'?>
<flow-definition plugin="workflow-job@1385.vb_58b_86ea_fff1">
  <actions>
    <org.jenkinsci.plugins.pipeline.modeldefinition.actions.DeclarativeJobAction plugin="pipeline-model-definition@2.2218.v56d0cda_37c72"/>
    <org.jenkinsci.plugins.pipeline.modeldefinition.actions.DeclarativeJobPropertyTrackerAction plugin="pipeline-model-definition@2.2218.v56d0cda_37c72">
      <jobProperties>
        <string>jenkins.model.BuildDiscarderProperty</string>
      </jobProperties>
      <triggers/>
      <parameters/>
      <options/>
    </org.jenkinsci.plugins.pipeline.modeldefinition.actions.DeclarativeJobPropertyTrackerAction>
  </actions>
  <description></description>
  <keepDependencies>false</keepDependencies>
  <properties>
    <hudson.plugins.jira.JiraProjectProperty plugin="jira@3.13"/>
    <jenkins.model.BuildDiscarderProperty>
      <strategy class="hudson.tasks.LogRotator">
        <daysToKeep>-1</daysToKeep>
        <numToKeep>2</numToKeep>
        <artifactDaysToKeep>-1</artifactDaysToKeep>
        <artifactNumToKeep>-1</artifactNumToKeep>
      </strategy>
    </jenkins.model.BuildDiscarderProperty>
    <com.sonyericsson.rebuild.RebuildSettings plugin="rebuild@332.va_1ee476d8f6d">
      <autoRebuild>false</autoRebuild>
      <rebuildDisabled>false</rebuildDisabled>
    </com.sonyericsson.rebuild.RebuildSettings>
  </properties>
  <definition class="org.jenkinsci.plugins.workflow.cps.CpsFlowDefinition" plugin="workflow-cps@4000.v5198556e9cea_">
    <script>def buildResult = &apos;SUCCESS&apos;
def getResult

try {
podTemplate(cloud: &apos;gke-cloud&apos;, inheritFrom: &apos;gke-agent-c9-dind&apos;) { node(POD_LABEL) {
  stage(&apos;Results&apos;) {
      
    // Setup Artifactory Repo (yum/dnf)
    withCredentials([usernamePassword(credentialsId: &apos;SVC_CAS_JENKINS_USER_ENC_PASS&apos;, passwordVariable: &apos;enc_pass&apos;, usernameVariable: &apos;enc_user&apos;)]) {
      sh(&apos;&apos;&apos;echo &quot;[artifactory-repo-baseos]
name=Artifactory Repository BaseOS
baseurl=https://${enc_user}:${enc_pass}@artifactory.workday.com/artifactory/mirror.stream.centos.org/9-stream/BaseOS/x86_64/os/
enabled=1
gpgcheck=0&quot; | sudo tee /etc/yum.repos.d/artifactory-baseos.repo
echo &quot;[artifactory-repo-appstream]
name=Artifactory Repository AppStream
baseurl=https://${enc_user}:${enc_pass}@artifactory.workday.com/artifactory/mirror.stream.centos.org/9-stream/AppStream/x86_64/os/
enabled=1
gpgcheck=0&quot; | sudo tee -a /etc/yum.repos.d/artifactory-appstream.repo
      &apos;&apos;&apos;)
    } // end withcred (enc_user)
    
    withCredentials([ usernamePassword(credentialsId: &apos;SVC_CAS_JENKINS_USER_PASS&apos;, passwordVariable: &apos;auth_pass&apos;, usernameVariable: &apos;auth_user&apos;), 
                      string(credentialsId: &apos;SS_TOKEN&apos;, variable: &apos;ss_token&apos;), 
                      string(credentialsId: &apos;SVC_CAS_JENKINS_JIRA_TOKEN&apos;, variable: &apos;jira_token&apos;),
                      sshUserPrivateKey(credentialsId: &apos;SVC_CAS_JENKINS_USER_KEY&apos;, keyFileVariable: &apos;PK&apos;) ]) {
      script {
        sh(&apos;&apos;&apos;\
          sudo yum install -y rsync
          sudo yum install -y python3-pip
          pip3 install requests jira -i http://artifactory-az.services.wd:8081/artifactory/api/pypi/python-release-virtual/simple/ --trusted-host artifactory-az.services.wd
          #sudo yum install -y python3-requests
          python3 -c &quot;import requests&quot;
        &apos;&apos;&apos;)
        SUV = sh(returnStdout: true, script: &apos;&apos;&apos;
          curl -su $auth_user:$auth_pass &apos;https://wd5-suv.megaleo.com/proteus/api/v2/search/suv/instances&apos; | 
          jq -r &apos;first(.[] | select(.wdAdditionalTags.poolName==&quot;dtoe-automation&quot; and .state==&quot;running&quot; and .buildPercentage &gt;= 10 )) | .instanceId&apos;
        &apos;&apos;&apos;).trim()
        echo &quot;SUV: $SUV&quot;
        withEnv([&quot;SUV=$SUV&quot;]) { 
          sh &apos;&apos;&apos;
ssh -i &quot;${PK}&quot; -o StrictHostKeyChecking=no -R localhost:13987:jira2.workday.com:443 root@&quot;${SUV}.workdaysuv.com&quot; &quot;bash -xes&quot; &lt;&lt;ENDSSH
  yum install -y python3
  pip3 install --upgrade pip
  pip3 install jira
  export JIRA_TOKEN=${jira_token}
  python - &lt;&lt;EOF
import os, platform
print(&apos;Platform.node():&apos;, platform.node())
jira_token = os.getenv(&quot;JIRA_TOKEN&quot;)
print(jira_token)
from jira import JIRA
import urllib3
urllib3.disable_warnings(urllib3.exceptions.InsecureRequestWarning)
jira = JIRA(token_auth=jira_token, options={&apos;server&apos;:&quot;https://localhost:13987/&quot;, &apos;verify&apos;:False})
issues_in_proj = jira.search_issues(&apos;project=DTOE&apos;)
issue = issues_in_proj[0]
print(&quot;Latest DTOE Issue:&quot;, issue.key, issue.fields.summary)
EOF
ENDSSH
          &apos;&apos;&apos;
        } // end withEnv
      } // end script
    } // end withCredentials

    getResult = &quot;Testing Complete&quot;

  } // end stage
} } // end node podTemplate

} catch (e) {
  buildResult = &quot;FAILURE&quot;
  getResult = e
  throw e
} finally {
  // Always Run Post Build or Error
  //def result_color = (buildResult == &apos;FAILURE&apos;) ? &apos;danger&apos; : &apos;good&apos;
  //if (buildResult == &apos;FAILURE&apos; || buildResult == &apos;SUCCESS&apos;) {
  //  slackSend tokenCredentialId: &apos;SLACK_TOKEN&apos;, teamDomain: &apos;workday-dev&apos;, channel: &apos;#dai-jenkins-notifications&apos;, color: result_color, message: &quot;${env.JOB_NAME} - ${buildResult} after ${currentBuild.durationString} (&lt;${env.BUILD_URL}|#${env.BUILD_NUMBER}&gt; &lt;${env.BUILD_URL}console|Console Output&gt;)\n${getResult}&quot;
  //}
}</script>
    <sandbox>true</sandbox>
  </definition>
  <triggers/>
  <disabled>false</disabled>
</flow-definition>