{
  "name": "Andy (Scenario 1)",
  "pool": "dtoe-training",
  "from_desc": "Andy (Scenario A)",
  "from_stage": "READY",
  "recipes": [
    {
      "target": "vacant",
      "recipe": "Industry",
      "categories_tags": [
        {
          "category": "Industry-Commercial",
          "tags": [
            "HCM Core-Commercial",
            "Advanced Compensation-Commercial",
            "Recruiting-Commercial"
          ]
        }
      ]
    },
    {
      "target": "hcmtest",
      "recipe": "Industry",
      "categories_tags": [
        {
          "category": "Industry-Commercial",
          "tags": [
            "HCM Core-Commercial",
            "Advanced Compensation-Commercial",
            "Recruiting-Commercial"
          ]
        }
      ]
    }
  ]
}