{
  "name": "Andy (Scenario A)",
  "pool": "dtoe-training",
  "from_desc": "SUV PREP",
  "from_stage": "READY",
  "recipes": [
    {
      "target": "vacant",
      "recipe": "Baseline Foundation Recipes",
      "categories_tags": [
        {
          "category": "01 Baseline Launch",
          "tags": [
            "Launch - HCM",
            "Launch - Recruiting",
            "Launch - Talent"
          ]
        },
        {
          "category": "02 Financials - Fiscal Schedules",
          "tags": [
            "12 YE December"
          ]
        },
        {
          "category": "03 HCM",
          "tags": [
            "1-HCM Core",
            "Advanced Compensation",
            "Benefits",
            "Learning",
            "Learning - Extended Enterprise",
            "Recruiting",
            "Safety",
            "Talent Optimization",
            "Vaccine Tracking",
            "Workplace Test Tracking"
          ]
        },
        {
          "category": "04 PATTS - Absence",
          "tags": [
            "Absence Core"
          ]
        },
        {
          "category": "04 PATTS - Payroll",
          "tags": [
            "Payroll Interface"
          ]
        },
        {
          "category": "05 Cross Application",
          "tags": [
            "Help",
            "Journeys"
          ]
        }
      ]
    },
    {
      "target": "vacant",
      "recipe": "Country HCM",
      "categories_tags": [
        {
          "category": "HCM Country Scope",
          "tags": [
            "HCM Argentina",
            "HCM Australia",
            "HCM Austria",
            "HCM Bahamas",
            "HCM Belgium",
            "HCM Brazil",
            "HCM Canada",
            "HCM Chile",
            "HCM China",
            "HCM Columbia",
            "HCM Costa Rica",
            "HCM Czech Republic",
            "HCM Denmark",
            "HCM Dominican Republic",
            "HCM Ecuador",
            "HCM El Salvador",
            "HCM Estonia",
            "HCM Finland",
            "HCM France",
            "HCM Germany",
            "HCM Gibraltar",
            "HCM Greece",
            "HCM Guatemala",
            "HCM Honduras",
            "HCM Hong Kong",
            "HCM Hungary",
            "HCM India",
            "HCM Indonesia",
            "HCM Ireland",
            "HCM Israel",
            "HCM Italy",
            "HCM Japan",
            "HCM Kazakhstan",
            "HCM Latvia",
            "HCM Lithuania",
            "HCM Luxembourg",
            "HCM Malaysia",
            "HCM Malta",
            "HCM Mexico",
            "HCM Netherlands",
            "HCM New Zealand",
            "HCM Nicaragua",
            "HCM Norway",
            "HCM Panama",
            "HCM Peru",
            "HCM Philippines",
            "HCM Poland",
            "HCM Portugal",
            "HCM Romania",
            "HCM Russian Federation",
            "HCM Saudi Arabia",
            "HCM Singapore",
            "HCM Slovakia",
            "HCM South Africa",
            "HCM South Korea",
            "HCM Spain",
            "HCM Sweden",
            "HCM Switzerland",
            "HCM Taiwan",
            "HCM Thailand",
            "HCM Turkey",
            "HCM Ukraine",
            "HCM United Arab Emirates",
            "HCM United Kingdom",
            "HCM United States of America",
            "HCM Uruguay",
            "HCM Venezuela",
            "HCM Vietnam"
          ]
        },
        {
          "category": "Benefits Country Scope",
          "tags": [
            "Benefits United States of America",
            "Benefits Canada"
          ]
        }
      ]
    },
    {
      "target": "vacant",
      "recipe": "Industry",
      "categories_tags": [
        {
          "category": "Industry-Commercial",
          "tags": [
            "HCM Core-Commercial",
            "Advanced Compensation-Commercial",
            "Recruiting-Commercial"
          ]
        }
      ]
    }
  ]
}